"Label","Alabama!!Total!!Estimate","Alabama!!Male!!Estimate","Alabama!!Female!!Estimate","Alaska!!Total!!Estimate","Alaska!!Male!!Estimate","Alaska!!Female!!Estimate","Arizona!!Total!!Estimate","Arizona!!Male!!Estimate","Arizona!!Female!!Estimate","Arkansas!!Total!!Estimate","Arkansas!!Male!!Estimate","Arkansas!!Female!!Estimate","California!!Total!!Estimate","California!!Male!!Estimate","California!!Female!!Estimate","Colorado!!Total!!Estimate","Colorado!!Male!!Estimate","Colorado!!Female!!Estimate","Connecticut!!Total!!Estimate","Connecticut!!Male!!Estimate","Connecticut!!Female!!Estimate","Delaware!!Total!!Estimate","Delaware!!Male!!Estimate","Delaware!!Female!!Estimate","District of Columbia!!Total!!Estimate","District of Columbia!!Male!!Estimate","District of Columbia!!Female!!Estimate","Florida!!Total!!Estimate","Florida!!Male!!Estimate","Florida!!Female!!Estimate","Georgia!!Total!!Estimate","Georgia!!Male!!Estimate","Georgia!!Female!!Estimate","Hawaii!!Total!!Estimate","Hawaii!!Male!!Estimate","Hawaii!!Female!!Estimate","Idaho!!Total!!Estimate","Idaho!!Male!!Estimate","Idaho!!Female!!Estimate","Illinois!!Total!!Estimate","Illinois!!Male!!Estimate","Illinois!!Female!!Estimate","Indiana!!Total!!Estimate","Indiana!!Male!!Estimate","Indiana!!Female!!Estimate","Iowa!!Total!!Estimate","Iowa!!Male!!Estimate","Iowa!!Female!!Estimate","Kansas!!Total!!Estimate","Kansas!!Male!!Estimate","Kansas!!Female!!Estimate","Kentucky!!Total!!Estimate","Kentucky!!Male!!Estimate","Kentucky!!Female!!Estimate","Louisiana!!Total!!Estimate","Louisiana!!Male!!Estimate","Louisiana!!Female!!Estimate","Maine!!Total!!Estimate","Maine!!Male!!Estimate","Maine!!Female!!Estimate","Maryland!!Total!!Estimate","Maryland!!Male!!Estimate","Maryland!!Female!!Estimate","Massachusetts!!Total!!Estimate","Massachusetts!!Male!!Estimate","Massachusetts!!Female!!Estimate","Michigan!!Total!!Estimate","Michigan!!Male!!Estimate","Michigan!!Female!!Estimate","Minnesota!!Total!!Estimate","Minnesota!!Male!!Estimate","Minnesota!!Female!!Estimate","Mississippi!!Total!!Estimate","Mississippi!!Male!!Estimate","Mississippi!!Female!!Estimate","Missouri!!Total!!Estimate","Missouri!!Male!!Estimate","Missouri!!Female!!Estimate","Montana!!Total!!Estimate","Montana!!Male!!Estimate","Montana!!Female!!Estimate","Nebraska!!Total!!Estimate","Nebraska!!Male!!Estimate","Nebraska!!Female!!Estimate","Nevada!!Total!!Estimate","Nevada!!Male!!Estimate","Nevada!!Female!!Estimate","New Hampshire!!Total!!Estimate","New Hampshire!!Male!!Estimate","New Hampshire!!Female!!Estimate","New Jersey!!Total!!Estimate","New Jersey!!Male!!Estimate","New Jersey!!Female!!Estimate","New Mexico!!Total!!Estimate","New Mexico!!Male!!Estimate","New Mexico!!Female!!Estimate","New York!!Total!!Estimate","New York!!Male!!Estimate","New York!!Female!!Estimate","North Carolina!!Total!!Estimate","North Carolina!!Male!!Estimate","North Carolina!!Female!!Estimate","North Dakota!!Total!!Estimate","North Dakota!!Male!!Estimate","North Dakota!!Female!!Estimate","Ohio!!Total!!Estimate","Ohio!!Male!!Estimate","Ohio!!Female!!Estimate","Oklahoma!!Total!!Estimate","Oklahoma!!Male!!Estimate","Oklahoma!!Female!!Estimate","Oregon!!Total!!Estimate","Oregon!!Male!!Estimate","Oregon!!Female!!Estimate","Pennsylvania!!Total!!Estimate","Pennsylvania!!Male!!Estimate","Pennsylvania!!Female!!Estimate","Rhode Island!!Total!!Estimate","Rhode Island!!Male!!Estimate","Rhode Island!!Female!!Estimate","South Carolina!!Total!!Estimate","South Carolina!!Male!!Estimate","South Carolina!!Female!!Estimate","South Dakota!!Total!!Estimate","South Dakota!!Male!!Estimate","South Dakota!!Female!!Estimate","Tennessee!!Total!!Estimate","Tennessee!!Male!!Estimate","Tennessee!!Female!!Estimate","Texas!!Total!!Estimate","Texas!!Male!!Estimate","Texas!!Female!!Estimate","Utah!!Total!!Estimate","Utah!!Male!!Estimate","Utah!!Female!!Estimate","Vermont!!Total!!Estimate","Vermont!!Male!!Estimate","Vermont!!Female!!Estimate","Virginia!!Total!!Estimate","Virginia!!Male!!Estimate","Virginia!!Female!!Estimate","Washington!!Total!!Estimate","Washington!!Male!!Estimate","Washington!!Female!!Estimate","West Virginia!!Total!!Estimate","West Virginia!!Male!!Estimate","West Virginia!!Female!!Estimate","Wisconsin!!Total!!Estimate","Wisconsin!!Male!!Estimate","Wisconsin!!Female!!Estimate","Wyoming!!Total!!Estimate","Wyoming!!Male!!Estimate","Wyoming!!Female!!Estimate","Puerto Rico!!Total!!Estimate","Puerto Rico!!Male!!Estimate","Puerto Rico!!Female!!Estimate"
"Population 18 to 24 years","485,274","244,731","240,543","77,633","42,938","34,695","647,258","337,102","310,156","283,366","144,253","139,113","3,980,604","2,068,402","1,912,202","500,909","261,664","239,245","332,686","170,914","161,772","91,390","45,803","45,587","84,255","38,051","46,204","1,795,011","924,294","870,717","1,018,180","523,088","495,092","130,941","70,974","59,967","158,872","80,992","77,880","1,251,025","641,056","609,969","664,206","337,901","326,305","311,252","158,683","152,569","296,731","153,226","143,505","422,007","215,675","206,332","482,851","241,879","240,972","115,329","59,437","55,892","566,000","290,213","275,787","680,381","339,196","341,185","994,778","508,283","486,495","506,399","258,167","248,232","313,863","157,971","155,892","588,439","295,749","292,690","98,335","50,572","47,763","185,903","94,514","91,389","249,259","126,858","122,401","124,318","62,829","61,489","774,117","401,673","372,444","210,285","108,962","101,323","1,987,871","1,010,917","976,954","967,902","495,145","472,757","84,509","45,048","39,461","1,103,343","559,060","544,283","386,679","199,945","186,734","365,085","185,949","179,136","1,267,737","643,441","624,296","119,962","60,256","59,706","486,685","249,489","237,196","84,645","43,745","40,900","618,507","312,226","306,281","2,642,608","1,364,082","1,278,526","327,475","165,369","162,106","65,858","33,716","32,142","824,667","421,398","403,269","666,370","343,860","322,510","174,335","89,696","84,639","555,994","284,342","271,652","57,459","31,256","26,203","386,680","194,928","191,752"
"Less than high school graduate","17.7%","21.0%","14.3%","18.5%","20.1%","16.5%","19.0%","20.5%","17.4%","15.5%","17.1%","13.9%","15.8%","18.5%","12.8%","15.9%","18.0%","13.7%","14.5%","15.9%","12.9%","16.2%","20.6%","11.7%","11.0%","15.4%","7.4%","17.7%","20.6%","14.6%","20.5%","24.8%","16.0%","10.1%","11.0%","9.0%","14.1%","17.3%","10.9%","14.9%","17.4%","12.2%","18.4%","20.8%","16.0%","12.2%","14.3%","10.0%","13.7%","16.8%","10.4%","15.8%","18.8%","12.7%","20.5%","22.6%","18.4%","11.5%","12.5%","10.5%","13.0%","15.6%","10.2%","11.4%","13.9%","8.8%","15.1%","17.6%","12.5%","12.9%","14.2%","11.6%","19.1%","23.3%","14.8%","15.2%","16.6%","13.8%","12.3%","13.6%","11.0%","12.6%","14.9%","10.3%","21.1%","24.6%","17.5%","11.0%","13.7%","8.3%","13.0%","14.7%","11.0%","21.5%","21.5%","21.6%","14.8%","17.5%","11.9%","17.0%","20.3%","13.7%","9.3%","11.1%","7.2%","15.7%","18.1%","13.4%","18.7%","20.7%","16.5%","15.5%","17.6%","13.3%","13.5%","15.4%","11.6%","11.6%","12.9%","10.3%","18.2%","22.8%","13.3%","16.6%","18.0%","15.2%","13.8%","15.6%","12.1%","19.3%","21.9%","16.5%","12.1%","13.5%","10.6%","8.4%","11.2%","5.5%","12.3%","13.7%","10.9%","16.5%","20.2%","12.5%","15.9%","17.0%","14.7%","13.3%","15.3%","11.2%","12.8%","15.6%","9.4%","15.0%","18.8%","11.2%"
"High school graduate (includes equivalency)","29.1%","31.2%","27.0%","35.9%","39.5%","31.4%","30.5%","33.0%","27.7%","32.7%","36.8%","28.3%","28.8%","30.8%","26.8%","28.4%","31.1%","25.5%","28.3%","30.9%","25.5%","27.4%","30.5%","24.3%","20.5%","22.9%","18.5%","30.2%","33.2%","26.9%","31.2%","33.1%","29.3%","38.1%","43.6%","31.6%","32.5%","34.7%","30.3%","28.3%","31.2%","25.2%","30.9%","33.6%","28.0%","25.4%","27.8%","22.9%","25.5%","27.7%","23.1%","31.9%","36.3%","27.4%","30.7%","32.5%","28.9%","31.1%","34.0%","28.1%","29.2%","32.5%","25.7%","26.6%","29.8%","23.4%","28.1%","30.5%","25.6%","25.8%","28.3%","23.1%","29.9%","33.6%","26.1%","29.4%","33.6%","25.2%","34.0%","37.6%","30.1%","25.8%","28.6%","22.8%","32.6%","35.2%","29.9%","30.9%","33.8%","28.1%","28.9%","32.1%","25.4%","27.5%","30.8%","23.8%","25.6%","27.7%","23.4%","29.8%","31.6%","28.0%","27.8%","32.9%","22.1%","30.5%","33.0%","27.9%","33.3%","36.1%","30.2%","30.1%","33.4%","26.7%","30.7%","33.7%","27.7%","25.9%","26.7%","25.0%","31.6%","32.6%","30.5%","27.8%","33.0%","22.1%","36.8%","40.5%","33.1%","29.5%","31.7%","27.2%","28.6%","33.0%","24.0%","25.4%","27.9%","22.8%","29.4%","33.7%","24.9%","29.5%","32.3%","26.5%","34.6%","38.9%","30.0%","31.4%","34.6%","28.0%","30.1%","33.4%","26.2%","28.6%","31.7%","25.3%"
"Some college or associate's degree","46.3%","42.2%","50.5%","40.2%","36.9%","44.2%","44.1%","40.8%","47.7%","45.5%","40.6%","50.6%","47.2%","44.2%","50.4%","45.1%","42.9%","47.4%","44.6%","41.9%","47.4%","46.2%","40.5%","51.8%","45.4%","41.2%","48.8%","44.4%","39.8%","49.3%","40.9%","36.1%","46.0%","44.3%","40.1%","49.3%","47.8%","44.0%","51.7%","44.6%","41.2%","48.2%","42.7%","38.6%","46.9%","52.4%","49.3%","55.6%","51.8%","48.7%","55.0%","45.8%","39.3%","52.5%","42.2%","39.8%","44.5%","46.4%","43.5%","49.5%","45.8%","42.1%","49.6%","47.6%","43.6%","51.5%","48.0%","45.2%","51.0%","50.2%","48.5%","51.9%","45.0%","37.8%","52.3%","46.3%","43.1%","49.5%","44.6%","41.8%","47.6%","52.0%","49.7%","54.3%","41.1%","36.5%","45.8%","47.5%","43.4%","51.7%","45.3%","42.3%","48.5%","46.0%","43.4%","48.9%","45.8%","43.3%","48.4%","45.3%","42.0%","48.8%","54.4%","51.6%","57.5%","45.4%","42.5%","48.3%","41.2%","38.1%","44.4%","46.7%","43.3%","50.2%","44.7%","41.9%","47.7%","49.7%","49.8%","49.7%","43.4%","38.7%","48.4%","49.8%","43.9%","56.1%","41.8%","38.3%","45.3%","44.1%","40.7%","47.7%","53.6%","50.4%","57.0%","54.8%","49.4%","60.5%","46.1%","43.0%","49.4%","45.1%","40.7%","49.7%","40.9%","37.1%","44.9%","46.5%","42.2%","50.9%","50.4%","46.1%","55.5%","50.5%","45.9%","55.2%"
"Bachelor's degree or higher","6.9%","5.6%","8.2%","5.4%","3.5%","7.9%","6.4%","5.7%","7.1%","6.3%","5.5%","7.1%","8.2%","6.5%","10.1%","10.5%","8.0%","13.4%","12.7%","11.2%","14.2%","10.3%","8.4%","12.1%","23.1%","20.5%","25.3%","7.7%","6.3%","9.2%","7.3%","5.9%","8.7%","7.5%","5.3%","10.1%","5.6%","4.0%","7.2%","12.2%","10.1%","14.4%","8.0%","6.9%","9.1%","9.9%","8.5%","11.4%","9.1%","6.8%","11.5%","6.5%","5.5%","7.5%","6.6%","5.1%","8.2%","10.9%","10.1%","11.8%","12.0%","9.7%","14.5%","14.5%","12.7%","16.3%","8.7%","6.7%","10.9%","11.2%","9.0%","13.4%","6.0%","5.3%","6.8%","9.1%","6.8%","11.4%","9.1%","7.0%","11.3%","9.6%","6.8%","12.6%","5.2%","3.7%","6.9%","10.5%","9.2%","11.9%","12.9%","10.9%","15.0%","5.0%","4.3%","5.7%","13.9%","11.5%","16.4%","7.8%","6.1%","9.6%","8.5%","4.4%","13.2%","8.4%","6.4%","10.4%","6.9%","5.1%","8.9%","7.7%","5.6%","9.8%","11.0%","9.1%","13.0%","12.8%","10.6%","15.0%","6.8%","5.9%","7.8%","5.8%","5.1%","6.6%","7.5%","5.6%","9.5%","7.1%","5.7%","8.6%","5.7%","3.1%","8.3%","11.4%","11.6%","11.3%","12.1%","9.6%","14.7%","8.9%","6.7%","11.3%","8.7%","7.0%","10.5%","8.9%","8.0%","9.9%","6.7%","4.9%","8.9%","5.9%","3.6%","8.3%"
"Population 25 years and over","3,193,078","1,508,892","1,684,186","456,862","234,211","222,651","4,211,223","2,059,722","2,151,501","1,943,427","935,804","1,007,623","24,443,872","11,937,927","12,505,945","3,387,310","1,675,846","1,711,464","2,444,403","1,161,569","1,282,834","611,120","289,532","321,588","428,261","200,665","227,596","13,267,581","6,351,556","6,916,025","6,308,961","3,004,726","3,304,235","939,512","462,509","477,003","998,460","494,011","504,449","8,521,694","4,090,567","4,431,127","4,255,459","2,052,213","2,203,246","2,027,201","985,672","1,041,529","1,852,094","899,868","952,226","2,922,350","1,404,490","1,517,860","2,972,737","1,421,896","1,550,841","942,537","451,592","490,945","3,915,657","1,843,965","2,071,692","4,502,048","2,130,741","2,371,307","6,588,324","3,165,493","3,422,831","3,560,801","1,743,571","1,817,230","1,912,708","903,797","1,008,911","4,008,554","1,925,630","2,082,924","676,793","335,111","341,682","1,196,112","582,471","613,641","1,810,960","907,541","903,419","914,207","444,745","469,462","6,004,613","2,852,446","3,152,167","1,354,186","658,821","695,365","13,197,704","6,234,632","6,963,072","6,399,357","3,034,749","3,364,608","448,145","223,043","225,102","7,749,236","3,704,377","4,044,859","2,469,196","1,198,119","1,271,077","2,644,754","1,286,421","1,358,333","8,714,235","4,157,544","4,556,691","712,266","336,083","376,183","3,110,532","1,474,305","1,636,227","537,588","264,798","272,790","4,294,392","2,046,502","2,247,890","16,074,391","7,818,598","8,255,793","1,608,668","798,958","809,710","434,652","210,305","224,347","5,418,844","2,605,062","2,813,782","4,583,426","2,254,973","2,328,453","1,294,198","625,433","668,765","3,831,373","1,872,855","1,958,518","375,608","188,831","186,777","2,443,515","1,130,397","1,313,118"
"Less than 9th grade","5.6%","6.2%","5.0%","3.1%","2.9%","3.2%","6.2%","6.3%","6.1%","6.2%","6.6%","5.9%","10.3%","10.1%","10.5%","4.0%","4.4%","3.6%","4.4%","4.7%","4.2%","4.7%","5.1%","4.3%","5.1%","6.3%","4.1%","5.6%","5.9%","5.4%","5.8%","6.3%","5.4%","4.4%","3.7%","5.0%","4.5%","5.0%","4.0%","5.6%","5.8%","5.5%","4.2%","4.5%","3.9%","3.7%","3.9%","3.5%","4.1%","4.5%","3.8%","7.0%","7.5%","6.5%","6.1%","6.9%","5.4%","3.4%","4.1%","2.7%","4.3%","4.6%","4.0%","5.0%","4.8%","5.1%","3.5%","3.6%","3.3%","3.3%","3.2%","3.3%","6.6%","7.5%","5.7%","3.9%","4.0%","3.9%","2.0%","2.3%","1.8%","3.9%","4.3%","3.6%","6.4%","6.3%","6.5%","2.8%","3.1%","2.6%","5.6%","5.5%","5.6%","7.3%","7.5%","7.0%","6.8%","6.6%","7.0%","5.7%","6.6%","5.0%","4.5%","4.5%","4.5%","3.3%","3.5%","3.1%","4.8%","5.5%","4.1%","4.2%","4.3%","4.0%","3.6%","3.7%","3.6%","6.4%","6.6%","6.3%","5.6%","6.1%","5.1%","4.1%","4.6%","3.6%","6.1%","6.6%","5.7%","9.5%","9.7%","9.3%","3.2%","3.3%","3.0%","2.8%","3.3%","2.3%","4.8%","5.2%","4.5%","4.2%","4.2%","4.2%","5.8%","6.8%","4.9%","3.4%","3.6%","3.2%","1.8%","2.1%","1.6%","18.9%","20.0%","17.9%"
"9th to 12th grade, no diploma","11.7%","12.6%","10.9%","5.2%","5.5%","4.8%","8.1%","8.7%","7.5%","10.0%","10.5%","9.5%","8.6%","9.1%","8.2%","5.8%","6.1%","5.5%","6.5%","6.7%","6.3%","8.3%","9.2%","7.6%","7.7%","7.4%","7.9%","8.4%","9.2%","7.7%","9.8%","10.4%","9.3%","5.0%","5.2%","4.9%","6.9%","7.0%","6.8%","7.2%","7.6%","6.7%","8.6%","8.9%","8.2%","5.7%","6.2%","5.2%","5.8%","6.1%","5.6%","10.0%","10.5%","9.5%","11.4%","12.4%","10.5%","5.7%","6.4%","5.0%","6.9%","7.3%","6.4%","5.8%","6.2%","5.5%","7.7%","8.4%","7.1%","4.7%","5.2%","4.2%","12.3%","13.6%","11.1%","8.5%","8.9%","8.2%","5.7%","5.9%","5.5%","5.1%","5.5%","4.8%","9.6%","10.0%","9.2%","5.8%","6.6%","5.1%","6.3%","6.6%","6.1%","9.6%","10.4%","8.8%","8.1%","8.6%","7.7%","9.5%","10.4%","8.7%","4.8%","5.3%","4.4%","8.4%","8.6%","8.2%","8.9%","9.3%","8.5%","6.5%","7.1%","5.9%","7.7%","8.0%","7.5%","8.8%","9.3%","8.3%","10.3%","11.0%","9.7%","5.3%","5.8%","4.8%","9.7%","10.3%","9.0%","9.4%","9.7%","9.1%","6.5%","7.1%","5.9%","5.5%","6.8%","4.3%","7.3%","7.7%","7.0%","5.6%","6.0%","5.3%","10.0%","10.3%","9.7%","6.3%","6.9%","5.7%","6.2%","6.6%","5.8%","10.0%","11.2%","8.9%"
"High school graduate (includes equivalency)","30.9%","31.1%","30.6%","28.1%","31.1%","25.0%","24.6%","24.3%","24.9%","35.7%","36.8%","34.6%","21.1%","21.5%","20.7%","22.4%","22.4%","22.3%","27.7%","28.7%","26.8%","31.6%","31.5%","31.6%","17.7%","17.3%","18.1%","30.4%","30.2%","30.6%","29.3%","30.0%","28.7%","28.5%","29.5%","27.5%","27.5%","26.6%","28.5%","27.6%","27.9%","27.3%","35.5%","36.0%","35.0%","33.1%","34.5%","31.7%","27.9%","29.1%","26.7%","34.1%","36.2%","32.2%","34.5%","35.2%","33.8%","33.4%","35.1%","31.8%","25.8%","26.2%","25.5%","25.9%","26.7%","25.2%","30.8%","31.1%","30.5%","26.9%","28.0%","25.9%","30.2%","31.4%","29.2%","31.4%","32.2%","30.8%","30.5%","32.0%","29.1%","29.0%","29.4%","28.6%","29.2%","29.6%","28.8%","29.3%","30.3%","28.3%","29.4%","28.6%","30.2%","26.6%","27.3%","25.9%","27.5%","28.0%","27.1%","27.3%","28.6%","26.1%","26.9%","29.4%","24.5%","34.8%","35.2%","34.4%","31.4%","31.6%","31.2%","25.1%","25.2%","24.9%","37.5%","37.9%","37.2%","26.4%","26.1%","26.7%","30.7%","31.6%","29.9%","31.4%","33.6%","29.3%","33.4%","34.1%","32.8%","25.5%","25.4%","25.6%","23.7%","22.7%","24.7%","30.2%","33.5%","27.1%","25.6%","26.0%","25.3%","23.8%","24.1%","23.6%","41.6%","42.4%","41.0%","33.1%","34.0%","32.2%","30.8%","32.6%","28.9%","26.5%","29.1%","24.3%"
"Some college, no degree","22.2%","21.5%","22.8%","29.9%","29.7%","30.0%","26.2%","25.4%","27.1%","22.0%","21.1%","22.8%","22.1%","21.8%","22.3%","22.8%","22.4%","23.3%","17.9%","17.7%","18.1%","19.6%","19.7%","19.5%","14.2%","13.3%","15.1%","20.8%","20.0%","21.5%","20.8%","20.0%","21.5%","23.0%","23.6%","22.5%","26.9%","26.6%","27.2%","21.3%","21.1%","21.4%","20.9%","20.5%","21.3%","21.3%","20.6%","21.9%","24.6%","24.1%","25.1%","20.9%","19.8%","22.0%","21.7%","20.8%","22.5%","20.3%","19.2%","21.2%","19.9%","19.8%","20.0%","16.4%","16.0%","16.8%","23.9%","23.9%","24.0%","22.4%","21.8%","23.0%","22.7%","22.1%","23.3%","22.9%","22.0%","23.7%","25.1%","23.9%","26.4%","24.4%","23.8%","25.1%","25.2%","25.0%","25.4%","19.2%","19.2%","19.2%","17.3%","17.6%","17.0%","23.6%","22.4%","24.8%","16.3%","16.7%","15.9%","21.8%","20.7%","22.8%","24.4%","23.4%","25.3%","21.1%","20.8%","21.3%","24.1%","23.5%","24.7%","26.8%","25.9%","27.6%","16.6%","16.4%","16.7%","18.9%","18.1%","19.6%","20.8%","19.8%","21.7%","23.1%","21.9%","24.2%","21.2%","20.5%","21.8%","22.6%","22.1%","23.1%","27.7%","26.1%","29.2%","17.8%","17.4%","18.2%","20.1%","19.2%","20.9%","24.7%","23.7%","25.7%","17.7%","17.3%","18.0%","21.3%","20.8%","21.7%","26.6%","26.5%","26.7%","12.5%","13.1%","12.0%"
"Associate's degree","7.4%","6.3%","8.4%","7.4%","6.9%","8.0%","8.3%","7.6%","8.9%","5.8%","4.5%","7.0%","7.7%","7.0%","8.3%","8.3%","7.5%","9.1%","7.3%","5.7%","8.8%","7.0%","5.1%","8.6%","2.8%","2.6%","3.0%","8.9%","8.0%","9.6%","6.7%","5.8%","7.5%","10.0%","10.0%","10.1%","8.9%","8.1%","9.7%","7.3%","6.5%","8.0%","7.9%","6.9%","8.8%","10.5%","9.4%","11.4%","7.4%","6.3%","8.5%","7.0%","5.3%","8.5%","5.2%","4.4%","6.0%","8.9%","7.8%","10.0%","6.3%","5.2%","7.2%","7.8%","6.5%","8.9%","8.4%","7.1%","9.6%","10.3%","9.8%","10.9%","8.3%","6.5%","10.0%","7.1%","6.5%","7.7%","8.4%","7.7%","9.0%","9.6%","9.5%","9.7%","7.2%","7.0%","7.3%","9.5%","7.9%","11.0%","6.1%","5.2%","7.0%","7.5%","6.8%","8.1%","8.3%","7.4%","9.0%","8.7%","7.2%","10.1%","13.1%","12.9%","13.3%","7.8%","6.6%","8.9%","7.0%","6.4%","7.6%","8.2%","7.7%","8.6%","7.6%","6.8%","8.3%","8.4%","7.5%","9.1%","8.6%","7.4%","9.6%","9.7%","9.0%","10.4%","6.0%","5.1%","6.9%","6.5%","6.2%","6.9%","9.2%","8.2%","10.2%","8.4%","6.8%","9.9%","7.0%","6.0%","7.9%","9.7%","9.0%","10.4%","6.4%","4.8%","7.9%","9.6%","8.9%","10.2%","9.9%","8.4%","11.4%","8.8%","7.2%","10.2%"
"Bachelor's degree","13.9%","13.8%","14.0%","16.9%","14.9%","18.9%","17.1%","17.6%","16.6%","13.1%","13.2%","13.0%","19.2%","18.9%","19.5%","23.3%","23.4%","23.3%","20.5%","20.7%","20.2%","17.1%","16.9%","17.3%","23.3%","24.0%","22.6%","16.5%","16.6%","16.5%","17.7%","17.8%","17.7%","19.2%","18.3%","20.0%","17.5%","17.5%","17.5%","19.3%","19.1%","19.5%","14.8%","14.9%","14.6%","17.7%","17.0%","18.3%","19.7%","19.0%","20.4%","12.3%","12.4%","12.2%","14.0%","13.5%","14.4%","17.9%","17.3%","18.5%","20.4%","20.2%","20.6%","22.3%","22.8%","21.8%","15.7%","15.7%","15.8%","21.8%","21.3%","22.4%","12.6%","11.9%","13.2%","16.4%","16.6%","16.1%","19.6%","18.6%","20.7%","18.9%","18.3%","19.4%","14.9%","14.6%","15.2%","21.0%","20.5%","21.4%","22.0%","22.2%","21.9%","14.4%","14.0%","14.8%","18.7%","19.0%","18.4%","17.8%","17.1%","18.3%","19.3%","17.7%","20.9%","15.4%","15.8%","15.1%","16.0%","15.8%","16.3%","18.4%","18.2%","18.6%","16.6%","16.6%","16.5%","18.8%","19.4%","18.3%","15.6%","15.6%","15.7%","18.2%","17.1%","19.3%","15.3%","15.0%","15.5%","17.7%","17.7%","17.8%","20.1%","20.2%","20.0%","21.4%","19.5%","23.2%","20.5%","19.8%","21.1%","20.2%","20.7%","19.7%","11.7%","11.6%","11.7%","17.4%","16.6%","18.3%","16.5%","15.7%","17.2%","17.0%","13.9%","19.7%"
"Graduate or professional degree","8.4%","8.4%","8.3%","9.5%","9.0%","10.0%","9.5%","10.1%","8.9%","7.2%","7.2%","7.2%","11.1%","11.7%","10.5%","13.4%","13.8%","12.9%","15.7%","15.9%","15.6%","11.7%","12.4%","11.1%","29.2%","29.1%","29.3%","9.3%","10.1%","8.6%","9.8%","9.8%","9.9%","9.9%","9.8%","10.0%","7.8%","9.2%","6.3%","11.7%","11.9%","11.6%","8.2%","8.4%","8.1%","8.1%","8.3%","8.0%","10.4%","10.8%","10.0%","8.8%","8.3%","9.2%","7.1%","6.8%","7.4%","10.5%","10.2%","10.8%","16.5%","16.6%","16.3%","16.8%","17.0%","16.7%","9.9%","10.2%","9.6%","10.5%","10.8%","10.3%","7.3%","6.9%","7.6%","9.7%","9.8%","9.6%","8.6%","9.6%","7.6%","9.1%","9.3%","8.9%","7.6%","7.6%","7.6%","12.4%","12.4%","12.5%","13.3%","14.3%","12.3%","11.1%","11.6%","10.6%","14.2%","13.6%","14.8%","9.2%","9.3%","9.0%","7.0%","6.8%","7.1%","9.2%","9.4%","9.0%","7.8%","8.0%","7.6%","10.9%","11.5%","10.4%","10.4%","10.7%","10.2%","12.3%","13.0%","11.7%","8.4%","8.5%","8.3%","8.1%","8.0%","8.3%","8.3%","8.5%","8.2%","8.7%","9.2%","8.2%","9.7%","12.3%","7.0%","14.0%","12.8%","15.1%","14.6%","15.9%","13.4%","11.7%","12.3%","11.1%","6.8%","6.7%","6.9%","9.0%","9.3%","8.8%","8.3%","8.0%","8.5%","6.3%","5.5%","6.9%"
"Percent high school graduate or higher","82.7%","81.2%","84.1%","91.8%","91.6%","91.9%","85.7%","85.0%","86.4%","83.8%","82.9%","84.6%","81.1%","80.8%","81.3%","90.2%","89.5%","90.9%","89.1%","88.6%","89.5%","87.0%","85.7%","88.1%","87.2%","86.4%","88.0%","85.9%","84.9%","86.9%","84.3%","83.3%","85.2%","90.6%","91.1%","90.1%","88.6%","88.0%","89.2%","87.2%","86.6%","87.8%","87.3%","86.6%","87.9%","90.6%","89.9%","91.3%","90.0%","89.4%","90.6%","83.1%","82.0%","84.1%","82.5%","80.7%","84.1%","90.9%","89.5%","92.3%","88.9%","88.1%","89.6%","89.2%","88.9%","89.5%","88.8%","88.0%","89.5%","92.0%","91.6%","92.5%","81.1%","78.9%","83.2%","87.6%","87.1%","88.0%","92.3%","91.8%","92.7%","91.0%","90.3%","91.7%","84.0%","83.7%","84.3%","91.4%","90.3%","92.3%","88.1%","87.9%","88.3%","83.2%","82.1%","84.2%","85.0%","84.8%","85.3%","84.7%","83.0%","86.3%","90.7%","90.3%","91.2%","88.3%","87.9%","88.7%","86.3%","85.2%","87.4%","89.4%","88.5%","90.1%","88.6%","88.3%","88.9%","84.8%","84.1%","85.4%","84.2%","82.9%","85.3%","90.6%","89.6%","91.5%","84.2%","83.1%","85.3%","81.1%","80.6%","81.6%","90.3%","89.5%","91.2%","91.8%","89.9%","93.5%","87.8%","87.0%","88.6%","90.1%","89.8%","90.5%","84.2%","82.9%","85.4%","90.4%","89.5%","91.2%","92.0%","91.3%","92.6%","71.1%","68.8%","73.1%"
"Percent bachelor's degree or higher","22.3%","22.2%","22.3%","26.4%","23.9%","28.9%","26.6%","27.7%","25.5%","20.3%","20.4%","20.2%","30.3%","30.6%","30.0%","36.7%","37.2%","36.2%","36.2%","36.6%","35.8%","28.8%","29.4%","28.4%","52.5%","53.2%","51.9%","25.8%","26.7%","25.1%","27.6%","27.6%","27.6%","29.1%","28.1%","30.1%","25.2%","26.7%","23.8%","31.0%","31.0%","31.0%","23.0%","23.3%","22.8%","25.8%","25.3%","26.3%","30.1%","29.9%","30.4%","21.1%","20.7%","21.4%","21.1%","20.3%","21.9%","28.4%","27.4%","29.3%","36.9%","36.8%","36.9%","39.1%","39.8%","38.6%","25.6%","25.8%","25.4%","32.4%","32.0%","32.7%","19.8%","18.8%","20.8%","26.1%","26.4%","25.8%","28.2%","28.2%","28.2%","27.9%","27.6%","28.2%","22.5%","22.1%","22.8%","33.4%","32.9%","33.9%","35.3%","36.5%","34.2%","25.6%","25.6%","25.5%","32.9%","32.6%","33.2%","26.9%","26.5%","27.3%","26.3%","24.5%","28.1%","24.7%","25.3%","24.1%","23.8%","23.7%","23.9%","29.3%","29.7%","29.0%","27.0%","27.3%","26.7%","31.1%","32.4%","30.0%","24.1%","24.1%","24.0%","26.3%","25.1%","27.6%","23.6%","23.4%","23.8%","26.4%","26.9%","26.0%","29.7%","32.5%","27.0%","35.4%","32.3%","38.3%","35.1%","35.8%","34.5%","31.9%","33.0%","30.8%","18.5%","18.4%","18.6%","26.5%","25.8%","27.1%","24.7%","23.8%","25.7%","23.3%","19.5%","26.6%"
"Population 25 to 34 years","609,611","298,317","311,294","106,279","55,623","50,656","866,715","444,260","422,455","382,514","191,221","191,293","5,404,486","2,768,151","2,636,335","744,951","383,357","361,594","428,130","214,834","213,296","114,197","56,049","58,148","133,265","62,465","70,800","2,328,282","1,173,729","1,154,553","1,326,493","653,250","673,243","192,625","100,023","92,602","206,376","106,722","99,654","1,781,187","892,995","888,192","830,830","420,555","410,275","386,830","196,568","190,262","374,545","190,360","184,185","564,651","281,045","283,606","632,061","313,231","318,830","144,778","72,313","72,465","779,561","384,175","395,386","863,319","425,179","438,140","1,168,784","583,831","584,953","725,526","368,735","356,791","377,837","186,506","191,331","785,188","393,891","391,297","125,005","64,497","60,508","245,845","124,579","121,266","386,245","198,433","187,812","146,192","74,049","72,143","1,122,087","560,392","561,695","274,404","141,070","133,334","2,708,911","1,338,851","1,370,060","1,246,395","614,440","631,955","93,441","50,183","43,258","1,421,908","708,106","713,802","512,454","260,897","251,557","530,964","267,922","263,042","1,536,268","768,898","767,370","129,313","64,783","64,530","590,872","290,622","300,250","104,412","52,889","51,523","831,963","409,563","422,400","3,671,399","1,852,360","1,819,039","441,878","224,047","217,831","70,364","34,987","35,377","1,102,896","555,572","547,324","959,672","494,436","465,236","217,905","109,428","108,477","731,214","372,540","358,674","79,318","41,413","37,905","471,617","227,130","244,487"
"High school graduate or higher","84.3%","82.5%","86.0%","93.4%","92.1%","94.8%","85.8%","84.3%","87.4%","86.9%","85.8%","88.0%","84.2%","82.3%","86.1%","90.0%","88.3%","91.9%","90.6%","88.9%","92.2%","85.2%","82.2%","88.2%","94.0%","92.5%","95.3%","87.1%","84.0%","90.1%","85.3%","82.5%","88.0%","94.3%","93.2%","95.5%","90.0%","89.3%","90.7%","89.6%","87.9%","91.4%","87.5%","85.6%","89.5%","92.8%","92.1%","93.4%","91.0%","90.3%","91.7%","88.3%","87.1%","89.6%","85.1%","82.0%","88.2%","93.0%","91.0%","94.9%","90.1%","88.4%","91.7%","92.1%","90.4%","93.7%","90.2%","89.0%","91.5%","92.7%","92.1%","93.3%","83.7%","80.1%","87.2%","90.4%","89.2%","91.6%","93.6%","92.2%","95.2%","90.8%","89.9%","91.7%","82.9%","82.5%","83.4%","92.4%","91.2%","93.6%","91.2%","90.0%","92.4%","84.1%","81.2%","87.2%","88.3%","86.9%","89.7%","85.4%","82.7%","88.0%","95.1%","94.3%","96.1%","90.3%","89.3%","91.2%","87.1%","85.0%","89.2%","88.7%","87.0%","90.4%","91.5%","90.6%","92.4%","88.9%","87.6%","90.3%","86.4%","84.1%","88.6%","91.6%","91.5%","91.6%","88.7%","86.3%","91.0%","83.7%","81.8%","85.6%","90.2%","89.2%","91.2%","93.8%","90.9%","96.7%","91.2%","89.9%","92.5%","90.0%","88.9%","91.1%","90.0%","89.4%","90.7%","91.9%","90.6%","93.3%","91.0%","90.0%","92.1%","84.9%","81.3%","88.3%"
"Bachelor's degree or higher","24.8%","21.2%","28.3%","24.0%","18.1%","30.6%","25.4%","23.3%","27.6%","22.7%","20.6%","24.8%","30.5%","26.7%","34.6%","37.4%","34.1%","41.0%","39.2%","34.3%","44.0%","31.5%","29.1%","33.8%","69.8%","67.8%","71.6%","26.1%","21.7%","30.5%","29.0%","25.2%","32.8%","28.6%","23.0%","34.6%","24.8%","22.9%","26.8%","37.6%","33.1%","42.2%","27.0%","24.1%","30.0%","33.5%","29.0%","38.1%","33.5%","29.6%","37.6%","24.8%","21.5%","28.1%","23.9%","21.0%","26.8%","31.2%","26.2%","36.2%","38.9%","34.2%","43.4%","48.1%","44.3%","51.6%","28.5%","25.2%","31.8%","38.1%","33.5%","42.8%","20.6%","17.1%","24.1%","31.2%","27.6%","34.8%","31.0%","28.1%","34.2%","32.0%","28.1%","36.1%","20.4%","17.6%","23.3%","37.3%","31.5%","43.3%","40.2%","36.1%","44.3%","21.0%","17.4%","24.7%","41.5%","36.6%","46.3%","29.5%","25.5%","33.5%","34.2%","28.3%","41.1%","29.5%","26.3%","32.7%","25.0%","21.3%","28.8%","29.8%","25.6%","34.2%","35.2%","30.9%","39.4%","35.2%","34.0%","36.4%","26.2%","22.4%","29.8%","31.1%","25.1%","37.2%","27.0%","22.3%","31.5%","26.8%","23.0%","30.7%","29.3%","28.3%","30.3%","38.7%","30.9%","46.5%","39.3%","34.6%","44.0%","31.5%","28.9%","34.2%","23.3%","21.1%","25.5%","30.9%","26.0%","36.1%","26.4%","20.6%","32.7%","28.9%","21.0%","36.2%"
"Population 35 to 44 years","613,286","297,714","315,572","93,356","47,236","46,120","824,699","419,659","405,040","365,721","183,026","182,695","5,169,975","2,595,120","2,574,855","709,547","363,285","346,262","467,003","227,110","239,893","114,001","55,926","58,075","82,827","41,770","41,057","2,408,924","1,192,179","1,216,745","1,403,082","685,242","717,840","176,023","89,280","86,743","195,100","97,848","97,252","1,712,435","851,796","860,639","834,977","418,181","416,796","361,560","182,400","179,160","349,047","175,998","173,049","568,172","284,565","283,607","570,119","283,185","286,934","167,184","81,431","85,753","779,861","373,672","406,189","867,088","422,278","444,810","1,244,067","616,549","627,518","668,881","336,593","332,288","382,042","183,960","198,082","739,399","367,886","371,513","110,809","56,510","54,299","220,770","111,856","108,914","382,434","195,731","186,703","174,290","86,195","88,095","1,217,006","599,678","617,328","245,291","123,530","121,761","2,566,794","1,260,585","1,306,209","1,319,454","646,398","673,056","75,277","38,544","36,733","1,451,623","720,603","731,020","466,418","236,024","230,394","501,136","255,379","245,757","1,581,638","785,850","795,788","134,224","65,869","68,355","605,218","300,066","305,152","96,172","49,073","47,099","841,710","416,483","425,227","3,512,490","1,751,514","1,760,976","347,367","177,869","169,498","77,416","38,826","38,590","1,108,137","547,198","560,939","914,023","461,100","452,923","233,792","117,420","116,372","709,248","358,015","351,233","66,597","34,030","32,567","482,098","232,229","249,869"
"High school graduate or higher","85.6%","81.5%","89.5%","93.5%","92.6%","94.5%","84.0%","82.8%","85.2%","87.3%","85.3%","89.3%","80.0%","78.8%","81.2%","89.4%","87.7%","91.2%","91.6%","90.1%","92.9%","90.3%","87.1%","93.4%","88.7%","86.0%","91.6%","88.3%","85.8%","90.7%","87.3%","86.0%","88.5%","94.6%","94.1%","95.0%","89.2%","88.4%","90.0%","88.9%","87.7%","90.2%","89.1%","87.6%","90.7%","92.7%","91.9%","93.4%","89.5%","88.1%","91.0%","87.7%","85.6%","89.9%","85.8%","82.8%","88.8%","94.5%","93.5%","95.4%","90.9%","89.3%","92.3%","91.5%","90.4%","92.6%","91.5%","90.0%","92.9%","93.6%","93.1%","94.1%","84.7%","82.2%","87.1%","89.5%","88.5%","90.4%","96.0%","95.9%","96.0%","90.9%","89.1%","92.7%","82.2%","80.1%","84.3%","93.5%","91.0%","96.0%","90.0%","88.4%","91.5%","83.8%","82.9%","84.7%","87.2%","85.9%","88.5%","87.5%","84.9%","90.1%","94.4%","92.9%","96.0%","91.5%","90.3%","92.8%","88.0%","85.5%","90.6%","88.2%","87.5%","88.9%","92.0%","90.9%","93.1%","88.5%","87.5%","89.6%","87.7%","85.3%","89.9%","93.2%","92.6%","93.9%","88.8%","86.6%","90.9%","81.6%","80.2%","82.9%","89.3%","87.9%","90.7%","93.2%","90.7%","95.8%","91.0%","89.6%","92.4%","89.7%","89.0%","90.5%","89.1%","87.6%","90.7%","91.7%","90.8%","92.6%","93.8%","94.0%","93.5%","82.5%","77.5%","87.2%"
"Bachelor's degree or higher","24.7%","21.8%","27.4%","30.5%","25.9%","35.2%","27.5%","25.7%","29.4%","23.2%","20.7%","25.8%","32.4%","30.8%","34.0%","39.5%","37.7%","41.4%","40.7%","37.6%","43.7%","32.9%","29.5%","36.1%","55.2%","54.8%","55.7%","28.4%","26.2%","30.5%","31.7%","29.1%","34.1%","29.4%","25.7%","33.1%","28.2%","26.8%","29.5%","35.6%","33.4%","37.8%","26.8%","24.7%","29.0%","30.2%","26.6%","33.8%","33.8%","30.6%","37.1%","24.5%","21.6%","27.4%","23.2%","19.5%","26.9%","30.6%","26.7%","34.3%","41.6%","37.9%","44.9%","43.9%","42.4%","45.4%","30.4%","28.0%","32.9%","38.7%","36.5%","40.9%","22.2%","19.6%","24.6%","30.0%","27.9%","32.1%","33.8%","30.7%","37.1%","33.7%","30.3%","37.1%","21.7%","19.0%","24.4%","36.6%","33.6%","39.5%","40.6%","38.4%","42.7%","25.4%","22.8%","28.0%","36.7%","33.8%","39.5%","30.9%","28.1%","33.7%","31.8%","26.8%","37.0%","29.0%","27.0%","31.1%","26.1%","23.2%","29.1%","31.7%","29.9%","33.6%","32.0%","29.3%","34.6%","34.0%","31.8%","36.1%","26.5%","23.4%","29.5%","28.6%","25.1%","32.3%","27.5%","25.0%","29.9%","28.2%","27.0%","29.3%","31.5%","32.8%","30.2%","38.3%","33.0%","43.7%","40.2%","38.3%","42.1%","33.8%","32.4%","35.2%","23.1%","21.7%","24.6%","30.5%","27.9%","33.2%","26.6%","24.4%","28.9%","29.6%","23.7%","35.0%"
"Population 45 to 64 years","1,296,391","627,551","668,840","198,860","102,937","95,923","1,596,656","773,756","822,900","766,567","374,495","392,072","9,471,358","4,652,933","4,818,425","1,357,315","672,525","684,790","1,033,956","501,986","531,970","249,010","118,872","130,138","142,431","68,616","73,815","5,170,980","2,491,243","2,679,737","2,503,491","1,207,609","1,295,882","367,395","183,074","184,321","392,698","195,156","197,542","3,385,477","1,650,699","1,734,778","1,733,160","848,161","884,999","820,621","411,024","409,597","746,543","368,554","377,989","1,195,566","583,788","611,778","1,199,261","582,535","616,726","413,267","201,834","211,433","1,624,476","775,460","849,016","1,849,732","896,579","953,153","2,787,603","1,364,391","1,423,212","1,465,311","730,703","734,608","765,806","369,912","395,894","1,629,363","793,633","835,730","290,003","143,330","146,673","479,700","237,864","241,836","702,641","352,760","349,881","409,135","202,123","207,012","2,458,742","1,187,042","1,271,700","551,434","266,534","284,900","5,257,079","2,527,887","2,729,192","2,557,552","1,230,395","1,327,157","180,971","91,314","89,657","3,227,871","1,574,982","1,652,889","972,934","474,503","498,431","1,059,533","515,650","543,883","3,613,911","1,766,692","1,847,219","295,052","141,782","153,270","1,259,555","599,452","660,103","216,979","110,252","106,727","1,741,686","842,319","899,367","6,182,677","3,027,881","3,154,796","561,099","279,064","282,035","193,231","94,640","98,591","2,197,476","1,064,570","1,132,906","1,848,488","913,624","934,864","541,184","266,670","274,514","1,598,697","796,944","801,753","157,664","80,065","77,599","924,728","425,054","499,674"
"High school graduate or higher","85.4%","83.3%","87.4%","93.1%","92.9%","93.3%","87.2%","86.3%","88.1%","85.4%","84.0%","86.8%","81.9%","81.7%","82.1%","92.4%","91.9%","92.9%","91.5%","91.0%","92.0%","90.0%","88.7%","91.2%","85.1%","85.1%","85.1%","87.8%","86.6%","88.8%","86.1%","85.1%","87.1%","92.1%","92.1%","92.1%","90.4%","88.9%","91.9%","88.9%","88.0%","89.7%","89.7%","89.0%","90.5%","92.7%","91.4%","93.9%","91.9%","90.8%","92.9%","85.6%","83.8%","87.3%","84.1%","82.1%","86.0%","93.4%","92.1%","94.6%","91.3%","90.3%","92.1%","90.9%","90.8%","91.0%","91.0%","90.0%","92.0%","94.3%","93.7%","94.9%","82.7%","79.4%","85.7%","89.5%","88.7%","90.2%","93.3%","92.5%","94.2%","93.2%","92.9%","93.6%","86.0%","85.9%","86.1%","93.7%","92.8%","94.5%","90.2%","89.7%","90.7%","85.7%","84.2%","87.2%","86.8%","86.4%","87.2%","87.6%","85.5%","89.6%","95.0%","94.5%","95.6%","90.5%","89.9%","90.9%","88.3%","86.9%","89.6%","91.4%","90.6%","92.2%","91.0%","90.4%","91.7%","87.2%","84.9%","89.4%","86.2%","84.3%","87.9%","93.4%","92.0%","94.8%","86.3%","84.6%","87.9%","82.4%","81.8%","83.0%","91.8%","91.2%","92.5%","93.9%","92.2%","95.6%","89.2%","87.8%","90.6%","92.1%","91.4%","92.7%","86.1%","83.9%","88.2%","92.8%","91.8%","93.8%","93.5%","92.8%","94.3%","73.3%","69.6%","76.5%"
"Bachelor's degree or higher","22.5%","22.4%","22.5%","26.0%","25.0%","27.1%","27.2%","28.6%","25.9%","20.2%","20.3%","20.1%","30.5%","31.3%","29.6%","37.5%","38.4%","36.6%","37.0%","37.3%","36.7%","28.2%","28.6%","27.7%","41.5%","41.9%","41.2%","26.4%","27.2%","25.7%","27.8%","28.6%","26.9%","31.3%","30.7%","31.9%","26.6%","28.6%","24.7%","30.4%","30.7%","30.0%","22.8%","23.5%","22.1%","25.7%","25.3%","26.2%","30.9%","30.8%","31.0%","20.9%","21.1%","20.8%","20.4%","19.7%","21.1%","29.4%","28.1%","30.7%","37.0%","37.6%","36.5%","39.1%","39.3%","38.9%","25.5%","25.9%","25.1%","31.3%","30.9%","31.7%","20.3%","18.6%","21.8%","26.0%","26.0%","25.9%","27.3%","27.3%","27.3%","28.1%","27.9%","28.3%","23.9%","23.3%","24.4%","34.2%","34.0%","34.4%","36.2%","37.9%","34.6%","28.0%","28.3%","27.7%","31.6%","31.6%","31.5%","26.8%","26.7%","26.9%","26.1%","24.7%","27.6%","24.3%","25.1%","23.5%","24.7%","24.9%","24.6%","29.5%","30.2%","28.9%","26.6%","27.0%","26.2%","33.1%","33.2%","33.0%","23.2%","23.2%","23.2%","26.1%","25.0%","27.1%","23.4%","23.8%","23.2%","27.3%","28.5%","26.1%","30.5%","34.1%","27.0%","36.1%","32.8%","39.3%","34.7%","35.8%","33.6%","32.7%","34.2%","31.2%","18.0%","17.3%","18.7%","26.4%","26.1%","26.8%","24.5%","24.2%","24.9%","23.8%","20.0%","27.0%"
"Population 65 years and over","673,790","285,310","388,480","58,367","28,415","29,952","923,153","422,047","501,106","428,625","187,062","241,563","4,398,053","1,921,723","2,476,330","575,497","256,679","318,818","515,314","217,639","297,675","133,912","58,685","75,227","69,738","27,814","41,924","3,359,395","1,494,405","1,864,990","1,075,895","458,625","617,270","203,469","90,132","113,337","204,286","94,285","110,001","1,642,595","695,077","947,518","856,492","365,316","491,176","458,190","195,680","262,510","381,959","164,956","217,003","593,961","255,092","338,869","571,296","242,945","328,351","217,308","96,014","121,294","731,759","310,658","421,101","921,909","386,705","535,204","1,387,870","600,722","787,148","701,083","307,540","393,543","387,023","163,419","223,604","854,604","370,220","484,384","150,976","70,774","80,202","249,797","108,172","141,625","339,640","160,617","179,023","184,590","82,378","102,212","1,206,778","505,334","701,444","283,057","127,687","155,370","2,664,920","1,107,309","1,557,611","1,275,956","543,516","732,440","98,456","43,002","55,454","1,647,834","700,686","947,148","517,390","226,695","290,695","553,121","247,470","305,651","1,982,418","836,104","1,146,314","153,677","63,649","90,028","654,887","284,165","370,722","120,025","52,584","67,441","879,033","378,137","500,896","2,707,825","1,186,843","1,520,982","258,324","117,978","140,346","93,641","41,852","51,789","1,010,335","437,722","572,613","861,243","385,813","475,430","301,317","131,915","169,402","792,214","345,356","446,858","72,029","33,323","38,706","565,072","245,984","319,088"
"High school graduate or higher","73.5%","74.8%","72.5%","81.4%","84.1%","78.9%","84.5%","85.4%","83.8%","75.0%","75.4%","74.7%","76.9%","79.2%","75.1%","86.4%","87.8%","85.3%","80.7%","81.3%","80.3%","80.0%","81.8%","78.7%","76.8%","76.4%","77.2%","80.6%","81.9%","79.6%","75.1%","75.8%","74.5%","80.9%","83.8%","78.6%","83.2%","84.1%","82.4%","79.3%","80.1%","78.7%","80.2%","81.3%","79.4%","83.6%","82.5%","84.4%","85.9%","86.6%","85.5%","68.4%","68.1%","68.7%","72.9%","73.2%","72.6%","82.1%","79.4%","84.3%","80.2%","80.5%","79.9%","81.0%","81.6%","80.6%","80.8%","80.5%","80.9%","85.1%","84.1%","85.9%","72.1%","72.5%","71.8%","79.7%","80.2%","79.4%","86.4%","86.8%","86.1%","87.0%","86.2%","87.6%","83.0%","84.6%","81.5%","83.4%","82.7%","84.0%","79.1%","80.7%","78.0%","76.8%","77.7%","76.0%","76.1%","77.3%","75.3%","75.4%","75.5%","75.3%","75.8%","74.1%","77.0%","79.5%","79.4%","79.6%","80.3%","81.6%","79.2%","87.0%","86.8%","87.1%","79.3%","79.5%","79.1%","73.3%","75.2%","72.0%","75.0%","76.1%","74.2%","82.6%","80.0%","84.6%","71.7%","72.4%","71.1%","73.8%","75.9%","72.2%","88.9%","88.8%","88.9%","84.5%","83.5%","85.4%","77.7%","78.4%","77.1%","86.6%","88.0%","85.5%","72.8%","71.4%","73.9%","82.8%","81.8%","83.5%","87.9%","86.7%","88.9%","46.3%","47.6%","45.3%"
"Bachelor's degree or higher","17.3%","23.3%","13.0%","25.2%","28.1%","22.4%","25.8%","32.5%","20.1%","15.9%","20.2%","12.5%","27.2%","34.3%","21.7%","30.5%","38.0%","24.4%","27.9%","36.1%","21.9%","24.4%","31.1%","19.2%","38.5%","45.7%","33.7%","23.0%","30.0%","17.3%","19.9%","25.8%","15.5%","25.3%","30.7%","21.0%","20.3%","27.0%","14.5%","20.5%","26.1%","16.3%","15.9%","20.3%","12.5%","16.0%","20.3%","12.7%","22.0%","27.3%","18.0%","14.5%","18.1%","11.8%","17.4%","21.6%","14.3%","22.9%","27.7%","19.0%","29.5%","37.0%","24.0%","26.4%","33.2%","21.5%","19.1%","24.2%","15.3%","22.6%","27.8%","18.5%","16.0%","20.4%","12.7%","18.2%","24.3%","13.4%","23.5%","28.2%","19.3%","18.5%","23.5%","14.6%","22.9%","28.8%","17.5%","25.6%","30.7%","21.4%","23.5%","31.4%","17.8%","25.4%","31.9%","20.1%","23.3%","28.8%","19.3%","20.5%","25.2%","17.0%","15.0%","17.9%","12.8%","17.4%","22.8%","13.4%","18.9%","24.7%","14.4%","26.4%","32.9%","21.1%","17.3%","22.8%","13.3%","21.4%","29.4%","15.8%","21.6%","28.5%","16.3%","20.9%","24.9%","17.7%","17.1%","22.2%","13.2%","21.7%","28.7%","16.3%","26.4%","36.3%","18.0%","29.0%","31.9%","26.8%","26.0%","34.1%","19.8%","28.6%","36.1%","22.4%","12.2%","15.4%","9.8%","18.8%","22.9%","15.6%","21.6%","26.1%","17.7%","12.6%","13.0%","12.2%"
"POVERTY RATE FOR THE POPULATION 25 YEARS AND OVER FOR WHOM POVERTY STATUS IS DETERMINED BY EDUCATIONAL ATTAINMENT LEVEL","","","","","","","","","","","","","","","","","","","","","","","","","","","","","","","","","","","","","","","","","","","","","","","","","","","","","","","","","","","","","","","","","","","","","","","","","","","","","","","","","","","","","","","","","","","","","","","","","","","","","","","","","","","","","","","","","","","","","","","","","","","","","","","","","","","","","","","","","","","","","","","","","","","","","","","","","","","",""
"    Less than high school graduate","29.3%","24.5%","34.2%","17.8%","16.4%","19.4%","33.4%","30.6%","36.1%","28.7%","25.5%","32.0%","26.3%","22.8%","29.6%","25.0%","21.5%","28.7%","24.1%","19.6%","28.5%","21.1%","14.7%","27.7%","35.6%","33.1%","38.0%","28.4%","26.1%","30.8%","31.6%","27.0%","36.2%","20.3%","19.7%","20.9%","25.5%","23.3%","27.9%","25.1%","21.4%","28.7%","27.2%","23.2%","31.3%","23.0%","19.3%","27.1%","24.4%","18.8%","30.3%","32.1%","27.9%","36.5%","31.8%","25.6%","38.3%","25.7%","25.2%","26.4%","20.7%","16.1%","25.3%","24.9%","20.1%","29.3%","29.2%","26.7%","31.7%","26.6%","22.5%","31.0%","32.5%","27.2%","38.1%","26.8%","22.7%","30.6%","22.8%","21.0%","24.8%","24.7%","18.1%","32.0%","23.7%","22.1%","25.4%","19.6%","16.0%","23.9%","21.3%","17.5%","24.8%","33.8%","31.0%","36.8%","29.0%","23.5%","34.0%","30.7%","26.8%","35.1%","23.1%","16.0%","31.5%","29.6%","25.8%","33.2%","28.5%","25.9%","31.3%","28.8%","24.9%","32.9%","25.5%","21.9%","28.8%","24.5%","17.5%","31.4%","33.0%","28.3%","37.7%","23.6%","17.6%","30.9%","30.6%","26.7%","34.7%","30.6%","26.3%","34.7%","25.5%","22.4%","29.1%","23.6%","21.7%","26.4%","22.7%","19.3%","26.0%","28.4%","24.3%","32.6%","29.4%","26.5%","32.6%","23.7%","19.9%","28.0%","20.3%","15.3%","26.3%","62.0%","60.4%","63.5%"
"    High school graduate (includes equivalency)","16.3%","13.4%","18.9%","11.5%","9.9%","13.6%","16.9%","15.9%","17.7%","16.5%","13.8%","19.3%","15.5%","14.0%","16.9%","13.0%","11.8%","14.3%","10.6%","8.7%","12.4%","11.2%","9.3%","12.9%","22.8%","17.9%","26.9%","16.1%","14.8%","17.3%","17.3%","15.3%","19.2%","12.6%","11.9%","13.4%","13.8%","11.9%","15.6%","13.9%","11.8%","15.8%","11.9%","9.9%","13.8%","9.9%","8.7%","11.0%","12.7%","10.6%","14.8%","15.5%","13.0%","18.0%","16.9%","12.9%","20.6%","14.2%","12.1%","16.3%","10.6%","8.9%","12.2%","11.2%","8.8%","13.4%","15.2%","14.0%","16.4%","11.1%","9.8%","12.4%","18.4%","15.0%","21.6%","13.4%","11.7%","15.0%","13.7%","11.9%","15.5%","11.2%","8.8%","13.6%","13.0%","11.4%","14.6%","8.2%","7.0%","9.4%","10.6%","8.5%","12.4%","19.1%","18.7%","19.5%","15.0%","13.0%","16.9%","15.4%","13.4%","17.3%","10.0%","8.6%","11.8%","12.9%","11.2%","14.6%","15.1%","13.5%","16.6%","16.1%","15.5%","16.6%","11.7%","9.9%","13.2%","13.9%","11.9%","15.7%","16.4%","14.0%","18.7%","10.8%","8.4%","13.5%","16.1%","13.8%","18.2%","15.3%","12.9%","17.6%","12.1%","10.6%","13.5%","10.2%","8.5%","12.3%","11.7%","9.5%","13.8%","13.2%","12.2%","14.3%","15.4%","13.3%","17.4%","10.9%","9.4%","12.3%","9.1%","6.7%","11.7%","45.6%","39.3%","52.1%"
"    Some college or associate's degree","11.9%","8.5%","14.7%","6.4%","4.9%","7.8%","11.6%","10.1%","12.8%","13.4%","9.4%","16.6%","11.0%","9.7%","12.1%","9.6%","8.2%","10.9%","7.8%","6.6%","8.8%","6.9%","5.4%","8.1%","17.9%","15.3%","19.8%","10.9%","9.3%","12.2%","12.0%","9.6%","14.0%","8.9%","7.2%","10.6%","10.8%","10.0%","11.5%","10.3%","8.3%","11.9%","10.6%","7.6%","13.1%","8.8%","6.8%","10.5%","8.9%","6.6%","10.9%","12.7%","9.0%","15.5%","12.7%","8.5%","16.0%","10.0%","8.3%","11.3%","7.4%","6.0%","8.6%","8.6%","6.5%","10.2%","12.2%","10.0%","14.1%","8.5%","7.4%","9.4%","14.8%","10.0%","18.4%","10.7%","8.4%","12.6%","10.7%","8.2%","12.8%","8.8%","6.0%","11.4%","11.4%","8.9%","13.8%","6.9%","5.5%","8.1%","7.2%","5.8%","8.5%","14.2%","12.5%","15.7%","10.6%","8.6%","12.2%","11.8%","8.5%","14.3%","7.6%","6.4%","8.7%","11.4%","8.6%","13.7%","11.7%","9.3%","13.8%","12.7%","10.9%","14.2%","9.5%","7.3%","11.4%","9.3%","6.2%","11.7%","11.0%","7.9%","13.4%","9.2%","8.6%","9.7%","11.7%","9.1%","13.8%","10.1%","7.8%","12.2%","9.6%","8.2%","10.9%","8.5%","6.7%","10.0%","7.5%","5.5%","9.1%","10.2%","8.5%","11.6%","12.1%","9.0%","14.5%","8.7%","6.8%","10.3%","7.2%","5.3%","9.0%","33.6%","25.3%","40.0%"
"    Bachelor's degree or higher","4.1%","3.8%","4.4%","2.2%","2.3%","2.1%","5.3%","5.1%","5.6%","4.1%","3.5%","4.8%","5.1%","4.6%","5.6%","4.7%","4.6%","4.8%","3.4%","3.1%","3.7%","2.8%","1.8%","3.7%","4.2%","3.4%","4.9%","5.6%","5.1%","6.2%","5.3%","4.1%","6.4%","4.7%","3.9%","5.4%","6.0%","5.3%","6.9%","4.4%","4.0%","4.7%","3.8%","3.9%","3.7%","3.1%","2.7%","3.4%","3.4%","3.3%","3.5%","3.8%","3.4%","4.2%","5.0%","4.9%","5.0%","5.0%","5.0%","5.0%","3.2%","3.1%","3.3%","4.2%","3.7%","4.6%","4.5%","4.2%","4.8%","3.4%","3.1%","3.6%","5.1%","4.2%","5.7%","4.6%","4.2%","5.0%","4.6%","4.2%","5.0%","3.4%","3.6%","3.3%","6.0%","5.7%","6.3%","2.5%","2.2%","2.7%","3.1%","3.0%","3.3%","5.4%","4.9%","5.9%","5.3%","4.6%","5.9%","4.2%","3.7%","4.6%","2.9%","3.1%","2.7%","4.0%","4.0%","4.1%","4.3%","3.7%","4.9%","6.2%","5.6%","6.7%","3.7%","3.4%","4.0%","3.5%","3.0%","4.1%","4.2%","3.3%","4.9%","5.5%","4.8%","6.0%","3.8%","3.3%","4.3%","4.2%","4.1%","4.4%","4.2%","3.9%","4.5%","4.1%","3.5%","4.5%","3.0%","2.7%","3.3%","4.2%","3.8%","4.6%","4.1%","4.5%","3.7%","3.6%","3.1%","4.1%","4.5%","4.8%","4.1%","13.2%","11.2%","14.4%"
"MEDIAN EARNINGS IN THE PAST 12 MONTHS (IN 2011 INFLATION-ADJUSTED DOLLARS)","","","","","","","","","","","","","","","","","","","","","","","","","","","","","","","","","","","","","","","","","","","","","","","","","","","","","","","","","","","","","","","","","","","","","","","","","","","","","","","","","","","","","","","","","","","","","","","","","","","","","","","","","","","","","","","","","","","","","","","","","","","","","","","","","","","","","","","","","","","","","","","","","","","","","","","","","","","",""
"    Population 25 years and over with earnings","30,910","37,309","24,846","40,812","50,122","32,141","32,165","36,757","28,734","28,700","32,944","24,429","35,561","40,344","30,938","36,435","42,421","30,380","42,417","51,022","35,971","38,386","45,131","32,216","54,264","58,450","51,761","30,608","33,975","26,912","31,837","36,991","27,691","35,763","40,994","31,065","28,197","35,225","21,715","36,083","42,114","30,226","32,210","39,300","26,671","32,876","40,192","27,170","32,446","40,044","26,686","30,628","35,759","25,672","31,981","40,891","25,399","30,912","36,216","26,148","45,297","51,015","40,267","42,086","50,918","35,668","31,895","40,145","26,114","37,035","42,482","31,520","28,901","34,627","23,312","31,744","37,466","26,703","28,035","34,945","22,856","32,247","39,024","26,347","31,825","34,943","29,385","40,012","46,621","32,238","44,110","51,903","36,410","29,842","33,961","25,368","37,958","42,318","33,123","31,048","35,941","26,620","33,533","41,745","26,551","32,770","40,047","27,411","30,785","36,549","25,125","30,926","36,472","25,484","35,178","41,575","28,878","38,943","43,383","33,118","30,559","36,094","25,651","31,546","37,067","26,001","30,842","35,454","26,367","32,769","38,638","27,552","32,990","42,188","22,728","33,654","37,331","30,558","39,973","47,231","32,291","37,486","45,674","30,913","29,750","36,869","22,498","33,657","40,505","28,478","36,035","46,861","26,951","17,489","17,285","17,871"
"    Less than high school graduate","19,049","22,453","13,623","22,342","27,439","17,385","17,925","20,503","14,648","18,392","21,066","13,984","18,261","21,272","14,218","21,397","24,038","16,370","21,965","26,441","17,915","22,072","27,160","16,145","24,316","27,375","21,052","17,182","19,695","15,173","17,318","20,424","14,001","21,880","26,559","18,183","17,253","22,604","12,080","20,592","23,387","15,863","18,587","21,708","13,814","21,529","24,940","16,293","21,372","25,867","14,762","18,053","21,054","13,781","18,760","24,017","12,899","18,557","20,631","14,686","22,922","27,556","16,744","22,047","25,968","18,364","17,171","20,487","13,567","19,598","21,653","16,870","17,724","21,432","13,394","18,165","21,645","14,759","17,381","20,580","14,477","21,291","24,585","15,590","22,536","24,170","19,519","22,791","27,130","16,118","21,130","25,038","16,404","18,307","22,756","13,316","19,253","22,032","15,373","17,028","19,531","13,450","25,026","30,265","18,268","17,615","20,743","14,321","17,793","20,950","14,267","18,632","22,188","13,501","20,095","24,298","14,518","23,042","27,436","15,478","17,645","20,305","14,483","21,954","26,220","13,059","17,700","20,402","14,616","17,945","21,584","12,839","19,956","25,222","15,043","22,660","25,606","16,920","19,892","23,899","16,070","19,132","22,469","14,674","17,256","22,451","12,136","20,494","23,830","14,648","17,778","23,362","10,495","10,240","10,763","9,080"
"    High school graduate (includes equivalency)","25,069","30,822","19,331","32,173","40,850","26,599","24,995","27,803","21,733","24,009","27,897","20,191","26,941","30,837","23,080","28,344","33,559","22,184","32,869","40,540","26,112","31,824","39,542","26,047","31,692","32,334","30,935","24,452","27,415","21,257","25,312","30,113","20,965","29,958","32,409","25,187","23,915","30,144","17,305","27,112","32,251","21,720","27,070","33,109","21,351","26,876","32,315","21,256","25,818","30,850","21,145","25,244","30,557","20,246","26,795","36,079","20,306","25,367","30,579","20,388","32,233","37,700","28,196","30,947","37,127","24,185","24,625","30,604","19,565","29,201","34,528","22,504","24,060","30,776","18,443","25,921","31,122","21,178","22,139","29,060","16,662","26,501","32,688","20,086","27,280","30,651","25,007","32,070","37,340","25,602","31,475","37,958","26,037","23,604","27,967","18,540","28,405","33,312","22,941","24,849","28,693","20,796","29,454","36,819","21,178","26,714","32,653","21,023","25,283","30,703","20,010","24,300","28,904","20,032","27,896","34,631","21,797","29,787","34,782","24,882","24,579","30,204","20,066","26,683","33,112","21,187","24,688","30,100","20,060","26,008","30,973","21,202","27,499","35,691","19,475","26,742","30,156","23,083","28,154","32,455","23,068","29,963","35,068","23,145","24,639","32,053","18,006","27,316","32,397","22,229","31,303","43,850","22,738","14,061","14,829","12,667"
"    Some college or associate's degree","30,318","39,420","23,947","40,478","48,611","29,976","32,066","38,480","28,175","27,926","34,570","23,625","35,303","41,252","30,388","33,581","41,187","27,458","38,371","45,278","32,887","37,279","43,829","32,418","37,965","38,081","37,918","30,565","35,145","26,785","30,840","36,642","26,827","35,088","41,426","27,482","26,851","33,832","21,476","32,718","40,986","27,057","31,682","40,143","26,032","31,885","40,162","25,971","30,854","38,183","25,006","29,425","37,707","25,022","31,160","41,646","24,410","29,205","36,623","25,225","41,041","47,888","35,730","37,345","45,257","31,617","30,229","38,027","24,178","34,514","40,818","29,650","28,421","36,043","23,155","30,564","36,838","25,675","26,967","33,934","21,863","31,157","37,420","24,406","32,693","37,314","29,358","35,719","43,934","30,312","40,421","48,943","33,674","27,710","32,753","24,365","35,937","41,907","30,840","30,326","36,795","25,313","31,754","41,415","24,752","31,513","38,723","26,648","30,094","36,942","24,108","29,568","35,728","24,065","33,393","40,930","28,273","36,795","42,347","31,716","30,343","36,694","25,630","30,719","36,329","26,045","30,663","35,910","26,611","32,809","40,618","27,252","30,387","40,227","21,286","33,603","40,162","29,473","35,205","42,373","29,754","35,382","42,344","29,146","27,876","36,950","22,880","32,452","40,619","27,494","34,311","46,754","26,348","17,057","19,029","15,865"
"    Bachelor's degree","44,800","56,149","36,522","50,422","66,281","41,429","46,485","56,932","38,258","42,220","50,171","36,904","52,824","62,264","46,202","46,180","57,960","37,742","56,878","71,062","46,834","50,310","59,961","40,849","61,357","65,899","57,401","41,888","50,998","38,087","48,405","60,021","40,263","44,453","47,488","40,988","37,394","48,553","28,345","50,498","61,856","40,951","44,013","55,273","36,891","42,380","52,123","36,596","42,277","52,416","35,324","42,212","51,699","36,764","45,660","55,523","40,286","40,874","48,500","35,761","56,853","68,782","50,421","53,764","70,019","44,319","46,188","59,663","37,070","48,777","59,214","40,251","39,605","50,828","34,284","42,271","52,512","36,005","35,675","42,263","30,782","41,573","51,661","35,297","44,825","50,506","40,152","50,739","64,537","41,216","60,107","72,224","50,273","41,808","50,328","36,394","51,446","60,477","45,431","42,842","52,810","36,751","40,475","51,008","34,982","46,594","56,234","38,498","41,779","51,945","35,719","41,282","50,889","32,294","47,252","56,692","39,812","50,327","60,888","41,166","40,976","51,551","34,100","38,775","46,742","33,452","41,627","51,676","36,144","50,441","61,212","44,008","41,910","54,587","31,526","37,995","44,914","34,003","54,130","70,409","42,620","51,124","63,029","40,182","41,656","50,633","36,921","45,581","55,730","37,318","45,313","54,371","36,509","24,908","29,827","22,994"
"    Graduate or professional degree","54,200","72,482","48,770","69,222","81,303","60,049","57,249","70,899","47,917","56,579","70,798","48,639","76,253","92,391","63,998","60,987","77,480","50,675","75,875","94,700","61,812","66,546","75,963","57,937","80,936","94,982","71,835","57,025","71,109","47,354","60,916","76,640","52,308","56,555","67,230","49,912","54,951","64,745","46,068","65,860","82,330","54,755","59,897","70,447","51,941","57,381","68,461","51,410","54,985","70,850","47,496","52,071","65,412","47,276","53,647","72,003","48,807","52,256","63,821","46,784","77,166","95,775","66,037","70,327","89,724","59,310","64,207","78,378","55,044","65,331","77,097","56,162","50,325","60,624","45,228","54,139","68,322","47,073","48,937","55,268","41,375","55,169","66,043","49,490","61,646","78,101","53,846","64,565","86,158","53,128","80,822","100,366","66,614","53,957","71,320","48,021","68,079","81,957","60,255","57,828","75,477","49,251","56,753","68,701","49,700","61,626","73,322","54,118","51,631","67,817","42,796","55,846","69,552","46,538","64,118","80,121","54,539","68,393","78,543","61,685","54,100","70,568","47,235","47,224","54,544","42,656","54,857","72,251","47,054","63,542","81,155","52,474","61,989","76,027","49,051","50,593","60,857","45,465","78,537","101,238","58,563","64,029","79,782","52,715","52,308","69,342","46,939","58,970","67,108","51,937","55,547","61,858","52,023","35,616","41,382","32,439"
"PERCENT IMPUTED","","","","","","","","","","","","","","","","","","","","","","","","","","","","","","","","","","","","","","","","","","","","","","","","","","","","","","","","","","","","","","","","","","","","","","","","","","","","","","","","","","","","","","","","","","","","","","","","","","","","","","","","","","","","","","","","","","","","","","","","","","","","","","","","","","","","","","","","","","","","","","","","","","","","","","","","","","","",""
"    Educational attainment","5.1%","(X)","(X)","3.7%","(X)","(X)","6.2%","(X)","(X)","3.5%","(X)","(X)","5.8%","(X)","(X)","4.4%","(X)","(X)","4.1%","(X)","(X)","4.0%","(X)","(X)","7.1%","(X)","(X)","6.6%","(X)","(X)","5.5%","(X)","(X)","5.8%","(X)","(X)","6.6%","(X)","(X)","4.7%","(X)","(X)","3.8%","(X)","(X)","3.4%","(X)","(X)","3.2%","(X)","(X)","3.6%","(X)","(X)","4.5%","(X)","(X)","2.4%","(X)","(X)","4.5%","(X)","(X)","4.6%","(X)","(X)","4.1%","(X)","(X)","3.5%","(X)","(X)","4.4%","(X)","(X)","4.0%","(X)","(X)","3.1%","(X)","(X)","2.9%","(X)","(X)","4.7%","(X)","(X)","3.5%","(X)","(X)","4.9%","(X)","(X)","5.2%","(X)","(X)","6.3%","(X)","(X)","3.8%","(X)","(X)","2.6%","(X)","(X)","3.4%","(X)","(X)","3.9%","(X)","(X)","3.8%","(X)","(X)","4.3%","(X)","(X)","4.3%","(X)","(X)","5.0%","(X)","(X)","2.9%","(X)","(X)","3.9%","(X)","(X)","4.5%","(X)","(X)","3.2%","(X)","(X)","2.7%","(X)","(X)","4.4%","(X)","(X)","3.6%","(X)","(X)","3.7%","(X)","(X)","3.3%","(X)","(X)","3.2%","(X)","(X)","3.4%","(X)","(X)"